,Accuracy,F1,Precision,Recall
Logistic Regression,0.8928571428571429,0.9166666666666666,0.8461538461538461,1.0
Naive Bayes,0.875,0.9041095890410958,0.825,1.0
Decision Tree,0.8035714285714286,0.8493150684931509,0.775,0.9393939393939394
SVM,0.8928571428571429,0.9166666666666666,0.8461538461538461,1.0
MLP,0.9464285714285714,0.9565217391304348,0.9166666666666666,1.0
