,Accuracy,F1,Precision,Recall
Logistic Regression,0.8571428571428571,0.8918918918918919,0.8048780487804879,1.0
Naive Bayes,0.8928571428571429,0.9166666666666666,0.8461538461538461,1.0
Decision Tree,0.8214285714285714,0.8611111111111112,0.7948717948717948,0.9393939393939394
SVM,0.8928571428571429,0.9166666666666666,0.8461538461538461,1.0
MLP,0.9285714285714286,0.9428571428571428,0.8918918918918919,1.0
